{
  "gizmos-infos": {
    "is2D": true,
    "is3DIcon": false,
    "iconSize": 2,
    "gridVisible": true,
    "gridColor": [
      150,
      150,
      150,
      255
    ],
    "isIconGizmo3D": false,
    "iconGizmoSize": 2,
    "isGridVisible": true,
    "transformToolName": "position",
    "pivot": "pivot",
    "coordinate": "local",
    "toolsVisibility3d": true
  },
  "__version__": "1.0.0",
  "camera": {
    "color": [
      48,
      48,
      48,
      255
    ],
    "fov": 45,
    "far": 10000,
    "near": 0.01,
    "wheelSpeed": 0.01,
    "wanderSpeed": 10,
    "enableAcceleration": true,
    "size": "__default_design__",
    "far2D": 10000,
    "near2D": 1,
    "wheelSpeed2D": 6,
    "iso": 0,
    "aperture": 19,
    "shutter": 7
  },
  "camera-infos": {
    "5ae21fef-4228-4f0d-9651-84418d843449": {
      "position": {
        "x": 594.6415425463658,
        "y": 330.0007429058193,
        "z": 5000
      },
      "rotation": {
        "x": 0,
        "y": 0,
        "z": 0,
        "w": 1
      },
      "viewCenter": {
        "x": 0,
        "y": 0,
        "z": 0
      },
      "contentRect": {
        "x": 390.52822070229035,
        "y": 170.66593790444927,
        "width": 345.66399692442883,
        "height": 269.8319984622144
      },
      "scale": 0.8467453123625256
    },
    "f1e50cd7-f4ad-4c54-aa88-2ec8593e51ec": {
      "position": {
        "x": 429.2292471635379,
        "y": 316.6237589116257,
        "z": 5000
      },
      "rotation": {
        "x": 0,
        "y": 0,
        "z": 0,
        "w": 1
      },
      "viewCenter": {
        "x": 0,
        "y": 0,
        "z": 0
      },
      "contentRect": {
        "x": 207.41218440957897,
        "y": 143.46907150284514,
        "width": 345.66399692442883,
        "height": 269.8319984622144
      },
      "scale": 0.7791645796604968
    },
    "26fa9232-656f-45be-b588-378893544bb6": {
      "position": {
        "x": 640.3437202363132,
        "y": 195.147624932305,
        "z": 5000
      },
      "rotation": {
        "x": 0,
        "y": 0,
        "z": 0,
        "w": 1
      },
      "viewCenter": {
        "x": 0,
        "y": 0,
        "z": 0
      },
      "contentRect": {
        "x": 289.19580927075936,
        "y": -56.507489192169075,
        "width": 392.3330444827409,
        "height": 281.1710222413705
      },
      "scale": 0.558643569036108
    },
    "4aedb6d6-1778-40a1-a711-d4d60e2eb4a6": {
      "position": {
        "x": 343.5293819562829,
        "y": 374.34064629924967,
        "z": 5000
      },
      "rotation": {
        "x": 0,
        "y": 0,
        "z": 0,
        "w": 1
      },
      "viewCenter": {
        "x": 0,
        "y": 0,
        "z": 0
      },
      "contentRect": {
        "x": -2.6081967896530704,
        "y": 114.45442504626837,
        "width": 386.7350647362943,
        "height": 290.3675323681472
      },
      "scale": 0.5586435690361099
    },
    "b0e4fe63-78cb-4a90-88e8-103649bf233b": {
      "position": {
        "x": 543.3822141667094,
        "y": 295.71240431276334,
        "z": 5000
      },
      "rotation": {
        "x": 0,
        "y": 0,
        "z": 0,
        "w": 1
      },
      "viewCenter": {
        "x": 0,
        "y": 0,
        "z": 0
      },
      "contentRect": {
        "x": 180.93700097666772,
        "y": 37.20438284311199,
        "width": 404.95537495307724,
        "height": 288.82768747653864
      },
      "scale": 0.5586435690361099
    },
    "1e5cb744-2936-4383-83d8-26fe52c84e9b": {
      "position": {
        "x": 580.196990368468,
        "y": 284.636249916028,
        "z": 5000
      },
      "rotation": {
        "x": 0,
        "y": 0,
        "z": 0,
        "w": 1
      },
      "viewCenter": {
        "x": 0,
        "y": 0,
        "z": 0
      },
      "contentRect": {
        "x": 283.9852603203809,
        "y": 58.52934535133783,
        "width": 424.7543648263007,
        "height": 324.22718241315033
      },
      "scale": 0.7169776240079114
    },
    "090e3e1c-f7c0-46dd-8d00-c9d717886f03": {
      "position": {
        "x": 565,
        "y": 340,
        "z": 5000
      },
      "rotation": {
        "x": 0,
        "y": 0,
        "z": 0,
        "w": 1
      },
      "viewCenter": {
        "x": 0,
        "y": 0,
        "z": 0
      },
      "contentRect": {
        "x": -36.524151138401564,
        "y": 95.91044776119402,
        "width": 1113.3823529411766,
        "height": 670
      },
      "scale": 0.9852941176470589
    },
    "40c4e6f4-7274-4dd2-9ea4-673823a343fc": {
      "position": {
        "x": 713.5882352941177,
        "y": 413,
        "z": 5000
      },
      "rotation": {
        "x": 0,
        "y": 0,
        "z": 0,
        "w": 1
      },
      "viewCenter": {
        "x": 0,
        "y": 0,
        "z": 0
      },
      "contentRect": {
        "x": 657.5882352941177,
        "y": 348,
        "width": 146,
        "height": 133
      },
      "scale": 1
    },
    "1d671e57-917e-4888-82f9-7153c3e89159": {
      "position": {
        "x": 595.7896866184753,
        "y": 355.05097109788704,
        "z": 5000
      },
      "rotation": {
        "x": 0,
        "y": 0,
        "z": 0,
        "w": 1
      },
      "viewCenter": {
        "x": 0,
        "y": 0,
        "z": 0
      },
      "contentRect": {
        "x": 567.0024994721052,
        "y": 321.6372717315645,
        "width": 112,
        "height": 130
      },
      "scale": 1.9453098948245509
    },
    "d6508b61-531f-445a-8e56-b9deff757770": {
      "position": {
        "x": 642.8616513910878,
        "y": 344.27642278684533,
        "z": 5000
      },
      "rotation": {
        "x": 0,
        "y": 0,
        "z": 0,
        "w": 1
      },
      "viewCenter": {
        "x": 0,
        "y": 0,
        "z": 0
      },
      "contentRect": {
        "x": 459.98122597700126,
        "y": 241.28915250246212,
        "width": 1154.2424242424242,
        "height": 650
      },
      "scale": 3.1557298208075957
    },
    "56098f7b-5242-4544-8373-4b66184956fd": {
      "position": {
        "x": 613.6627335128147,
        "y": 351.00269738787017,
        "z": 5000
      },
      "rotation": {
        "x": 0,
        "y": 0,
        "z": 0,
        "w": 1
      },
      "viewCenter": {
        "x": 0,
        "y": 0,
        "z": 0
      },
      "contentRect": {
        "x": 597.7226326653044,
        "y": 332.8581145082575,
        "width": 94,
        "height": 107
      },
      "scale": 2.9485384345821815
    },
    "6f05d749-7cc2-4f64-bf62-53d0f432883d": {
      "position": {
        "x": 540.4343550611567,
        "y": 326.28250628540803,
        "z": 5000
      },
      "rotation": {
        "x": 0,
        "y": 0,
        "z": 0,
        "w": 1
      },
      "viewCenter": {
        "x": 0,
        "y": 0,
        "z": 0
      },
      "contentRect": {
        "x": 298.10135246893174,
        "y": 192.49257481624045,
        "width": 1296.8870523415978,
        "height": 716
      },
      "scale": 2.6758366348554605
    },
    "510fbfcc-a526-47a8-91e4-3bfecb9986aa": {
      "position": {
        "x": 554.2499103205944,
        "y": 374.42315197656467,
        "z": 5000
      },
      "rotation": {
        "x": 0,
        "y": 0,
        "z": 0,
        "w": 1
      },
      "viewCenter": {
        "x": 0,
        "y": 0,
        "z": 0
      },
      "contentRect": {
        "x": 365.54779252647853,
        "y": 271.57971866185244,
        "width": 1296.8870523415978,
        "height": 716
      },
      "scale": 3.1601434289485866
    },
    "c77ecaa8-c936-46c4-a5b0-98692673ed87": {
      "position": {
        "x": 562.0833333333334,
        "y": 316.97779001468433,
        "z": 5000
      },
      "rotation": {
        "x": 0,
        "y": 0,
        "z": 0,
        "w": 1
      },
      "viewCenter": {
        "x": 0,
        "y": 0,
        "z": 0
      },
      "contentRect": {
        "x": 0,
        "y": 0,
        "width": 890.2309197651664,