{
  "gizmos-infos": {
    "is2D": true,
    "is3DIcon": false,
    "iconSize": 2,
    "gridVisible": true,
    "gridColor": [
      150,
      150,
      150,
      255
    ],
    "isIconGizmo3D": false,
    "iconGizmoSize": 2,
    "isGridVisible": true,
    "transformToolName": "position",
    "pivot": "pivot",
    "coordinate": "local",
    "toolsVisibility3d": true
  },
  "__version__": "1.0.0",
  "camera": {
    "color": [
      48,
      48,
      48,
      255
    ],
    "fov": 45,
    "far": 10000,
    "near": 0.01,
    "wheelSpeed": 0.01,
    "wanderSpeed": 10,
    "enableAcceleration": true,
    "size": "__default_design__",
    "far2D": 10000,
    "near2D": 1,
    "wheelSpeed2D": 6,
    "iso": 0,
    "aperture": 19,
    "shutter": 7
  },
  "camera-infos": {
    "090e3e1c-f7c0-46dd-8d00-c9d717886f03": {
      "position": {
        "x": 565.0000000000001,
        "y": 340,
        "z": 5000
      },
      "rotation": {
        "x": 0,
        "y": 0,
        "z": 0,
        "w": 1
      },
      "viewCenter": {
        "x": 0,
        "y": 0,
        "z": 0
      },
      "contentRect": {
        "x": 0,
        "y": 0,
        "width": 1113.3823529411766,
        "height": 670
      },
      "scale": 0.9852941176470589
    },
    "40c4e6f4-7274-4dd2-9ea4-673823a343fc": {
      "position": {
        "x": 679.5882352941177,
        "y": 386.5,
        "z": 5000
      },
      "rotation": {
        "x": 0,
        "y": 0,
        "z": 0,
        "w": 1
      },
      "viewCenter": {
        "x": 0,
        "y": 0,
        "z": 0
      },
      "contentRect": {
        "x": 640.5882352941177,
        "y": 346.5,
        "width": 146,
        "height": 133
      },
      "scale": 1
    },
    "6f05d749-7cc2-4f64-bf62-53d0f432883d": {
      "position": {
        "x": 582.5434179490103,
        "y": 365.0262688278324,
        "z": 5000
      },
      "rotation": {
        "x": 0,
        "y": 0,
        "z": 0,
        "w": 1
      },
      "viewCenter": {
        "x": 0,
        "y": 0,
        "z": 0
      },
      "contentRect": {
        "x": 541.7624374093741,
        "y": 327.87647148693094,
        "width": 78,
        "height": 80
      },
      "scale": 1.7900501418559385
    },
    "56098f7b-5242-4544-8373-4b66184956fd": {
      "position": {
        "x": 556.2571492457955,
        "y": 382.025712320847,
        "z": 5000
      },
      "rotation": {
        "x": 0,
        "y": 0,
        "z": 0,
        "w": 1
      },
      "viewCenter": {
        "x": 0,
        "y": 0,
        "z": 0
      },
      "contentRect": {
        "x": 527.7235694625118,
        "y": 349.5459991632793,
        "width": 94,
        "height": 107
      },
      "scale": 1.647182034535136
    },
    "d6508b61-531f-445a-8e56-b9deff757770": {
      "position": {
        "x": 264.34218966183187,
        "y": 343.0830547177867,
        "z": 5000
      },
      "rotation": {
        "x": 0,
        "y": 0,
        "z": 0,
        "w": 1
      },
      "viewCenter": {
        "x": 0,
        "y": 0,
        "z": 0
      },
      "contentRect": {
        "x": 193.4826299760595,
        "y": 272.2234950320144,
        "width": 120,
        "height": 120
      },
      "scale": 0.8467453123625217
    },
    "1d671e57-917e-4888-82f9-7153c3e89159": {
      "position": {
        "x": 524.3015633043519,
        "y": 324.27630294137396,
        "z": 5000
      },
      "rotation": {
        "x": 0,
        "y": 0,
        "z": 0,
        "w": 1
      },
      "viewCenter": {
        "x": 0,
        "y": 0,
        "z": 0
      },
      "contentRect": {
        "x": 480.66834684336374,
        "y": 273.63060526344117,
        "width": 112,
        "height": 130
      },
      "scale": 1.2834258975628963
    },
    "5ae21fef-4228-4f0d-9651-84418d843449": {
      "position": {
        "x": 594.6415425463658,
        "y": 330.0007429058193,
        "z": 5000
      },
      "rotation": {
        "x": 0,
        "y": 0,
        "z": 0,
        "w": 1
      },
      "viewCenter": {
        "x": 0,
        "y": 0,
        "z": 0
      },
      "contentRect": {
        "x": 390.52822070229035,
        "y": 170.66593790444927,
        "width": 345.66399692442883,
        "height": 269.8319984622144
      },
      "scale": 0.8467453123625256
    },
    "f1e50cd7-f4ad-4c54-aa88-2ec8593e51ec": {
      "position": {
        "x": 429.2292471635379,
        "y": 316.6237589116257,
        "z": 5000
      },
      "rotation": {
        "x": 0,
        "y": 0,
        "z": 0,
        "w": 1
      },
      "viewCenter": {
        "x": 0,
        "y": 0,
        "z": 0
      },
      "contentRect": {
        "x": 207.41218440957897,
        "y": 143.46907150284514,
        "width": 345.66399692442883,
        "height": 269.8319984622144
      },
      "scale": 0.7791645796604968
    },
    "26fa9232-656f-45be-b588-378893544bb6": {
      "position": {
        "x": 640.3437202363132,
        "y": 195.147624932305,
        "z": 5000
      },
      "rotation": {
        "x": 0,
        "y": 0,
        "z": 0,
        "w": 1
      },
      "viewCenter": {
        "x": 0,
        "y": 0,
        "z": 0
      },
      "contentRect": {
        "x": 289.19580927075936,
        "y": -56.507489192169075,
        "width": 392.3330444827409,
        "height": 281.1710222413705
      },
      "scale": 0.558643569036108
    },
    "4aedb6d6-1778-40a1-a711-d4d60e2eb4a6": {
      "position": {
        "x": 343.5293819562829,
        "y": 374.34064629924967,
        "z": 5000
      },
      "rotation": {
        "x": 0,
        "y": 0,
        "z": 0,
        "w": 1
      },
      "viewCenter": {
        "x": 0,
        "y": 0,
        "z": 0
      },
      "contentRect": {
        "x": -2.6081967896530704,
        "y": 114.45442504626837,
        "width": 386.7350647362943,
        "height": 290.3675323681472
      },
      "scale": 0.5586435690361099
    },
    "b0e4fe63-78cb-4a90-88e8-103649bf233b": {
      "position": {
        "x": 543.3822141667094,
        "y": 295.71240431276334,
        "z": 5000
      },
      "rotation": {
        "x": 0,
        "y": 0,
        "z": 0,
        "w": 1
      },
      "viewCenter": {
        "x": 0,
        "y": 0,
        "z": 0
      },
      "contentRect": {
        "x": 180.93700097666772,
        "y": 37.20438284311199,
        "width": 404.95537495307724,
        "height": 288.82768747653864
      },
      "scale": 0.5586435690361099
    },
    "1e5cb744-2936-4383-83d8-26fe52c84e9b": {
      "position": {
        "x": 580.196990368468,
        "y": 284.636249916028,
        "z": 5000
      },
      "rotation": {
        "x": 0,
        "y": 0,
        "z": 0,
        "w": 1
      },
      "viewCenter": {
        "x": 0,
        "y": 0,
        "z": 0
      },
      "contentRect": {
        "x": 283.9852603203809,
        "y": 58.52934535133783,
        "width": 424.7543648263007,
        "height": 324.22718241315033
      },
      "scale": 0.7169776240079114
    },
    "510fbfcc-a526-47a8-91e4-3bfecb9986aa": {
      "position": {
        "x": 501.4934524254201,
        "y": 364.37219874724246,
        "z": 5000
      },
      "rotation": {
        "x": 0,
        "y": 0,
        "z": 0,
        "w": 1
      },
      "viewCenter": {
        "x": 0,
        "y": 0,
        "z": 0
      },
      "contentRect": {
        "x": 415.28098814106386,
        "y": 285.8361867621783,
        "width": 146,
        "height": 133
      },
      "scale": 0.8467453123625224
    },
    "c77ecaa8-c936-46c4-a5b0-98692673ed87": {
      "position": {
        "x": 574.2383333333333,
        "y": 323.7167437591777,
        "z": 5000
      },
      "rotation": {
        "x": 0,
        "y": 0,
        "z": 0,
        "w": 1
      },
      "viewCenter": {
        "x": 0,
        "y": 0,
        "z": 0
      },
      "contentRect": {
        "x": 0,
        "y": 0,
        "width": 890.2309197651664,
        "height": 501
      },
      "scale": 0.9804305283757339
    },